-176,-129.485119,182.856758,2.35763301,-1.69271306
-175.7,-135.623513,180.472114,2.42111836,-1.68443381
-175.4,-141.039154,178.096063,2.4847554,-1.67600285
-175.1,-145.722146,175.729018,2.54854907,-1.66741528
-174.8,-149.665924,173.371398,2.61250449,-1.65866595
-174.5,-152.867244,171.023635,2.67662696,-1.64974958
-174.2,-155.32616,168.68617,2.74092199,-1.64066064
-173.9,-157.045981,166.359452,2.8053953,-1.63139343
-173.6,-158.033215,164.043945,2.87005281,-1.62194201
-173.3,-158.297507,161.74012,2.93490069,-1.61230023
-173,-157.851552,159.448464,2.9999453,-1.60246171
-172.7,-156.711008,157.169473,3.06519325,-1.59241985
-172.4,-154.894388,154.90366,3.13065141,-1.58216779
-172.1,-152.422947,152.651549,3.19632685,-1.57169844
-171.8,-149.320549,150.413679,3.26222694,-1.56100444
-171.5,-145.613535,148.190606,3.32835928,-1.5500782
-171.2,-141.330576,145.982901,3.39473173,-1.53891185
-170.9,-136.502515,143.791151,3.46135242,-1.52749725
-170.6,-131.162205,141.615961,3.52822976,-1.515826
-170.3,-125.344338,139.457956,3.59537241,-1.50388944
-170,-119.085267,137.317778,3.66278932,-1.49167863
-169.7,-112.422825,135.19609,3.73048969,-1.47918436
-169.4,-105.396137,133.093577,3.798483,-1.46639714
-169.1,-98.0454269,131.010944,3.86677898,-1.45330726
-168.8,-90.4118246,128.94892,3.93538762,-1.43990471
-168.5,-82.5371692,126.908258,4.00431916,-1.42617927
-168.2,-74.4638108,124.889732,4.07358406,-1.41212046
-167.9,-66.2344126,122.894147,4.14319299,-1.39771763
-167.6,-57.8917531,120.922329,4.21315682,-1.38295989
-167.3,-49.4785295,118.975133,4.28348659,-1.36783621
-167,-41.0371643,117.053443,4.35419346,-1.35233544
-166.7,-32.6096134,115.158167,4.4252887,-1.33644629
-166.4,-24.2371799,113.290246,4.49678363,-1.32015746
-166.1,-15.9603308,111.450647,4.56868957,-1.30345761
-165.8,-7.81852066,109.640369,4.6410178,-1.28633547
-165.5,0.149979335,107.860439,4.71377948,-1.26877989
-165.2,7.90824529,106.111913,4.78698555,-1.25077991
-164.9,15.4208567,104.395876,4.8606467,-1.23232485
-164.6,22.6540446,102.713441,4.93477324,-1.21340441
-164.3,29.5758305,101.065751,5.00937499,-1.19400875
-164,36.1561563,99.4539713,5.08446119,-1.17412865
-163.7,42.3670045,97.8792935,5.16004034,-1.15375559
-163.4,48.1825071,96.3429308,5.2361201,-1.13288193
-163.1,53.579045,94.8461157,5.3127071,-1.11150102
-162.8,58.5353353,93.3900969,5.38980681,-1.0896074
-162.5,63.0325077,91.9761355,5.46742338,-1.06719693
-162.2,67.0541694,90.6055003,5.54555943,-1.04426698
-161.9,70.586457,89.2794628,5.62421588,-1.02081661
-161.6,73.618078,87.9992918,5.70339181,-0.99684678
-161.3,76.1403388,86.766246,5.78308421,-0.972360472
-161,78.1471612,85.5815679,5.86328785,-0.947362928
-160.7,79.6350869,84.446475,5.94399508,-0.921861794
-160.4,80.6032691,83.3621518,6.02519568,-0.895867289
-160.1,81.0534533,82.3297405,6.10687672,-0.869392343
-159.8,80.9899454,81.3503313,6.18902244,-0.84245272
-159.5,80.4195684,80.4249524,6.27161414,-0.815067107
-159.2,79.3516084,79.5545599,6.35463017,-0.787257174
-158.9,77.797749,78.740027,6.43804585,-0.759047589
-158.6,75.7719956,77.9821335,6.52183354,-0.730465996
-158.3,73.2905888,77.2815561,6.60596269,-0.701542942
-158,70.3719092,76.6388584,6.69039997,-0.67231175
-157.7,67.0363724,76.0544818,6.77510946,-0.642808354
-157.4,63.3063149,75.5287372,6.86005285,-0.613071064
-157.1,59.2058729,75.0617985,6.94518971,-0.583140299
-156.8,54.7608528,74.6536962,7.03047784,-0.553058263
-156.5,49.9985955,74.3043134,7.11587361,-0.522868587
-156.2,44.9478339,74.0133829,7.20133235,-0.492615938
-155.9,39.6385455,73.7804867,7.28680878,-0.4623456
-155.6,34.1017999,73.6050559,7.37225743,-0.432103044
-155.3,28.3696022,73.486374,7.45763308,-0.401933494
-155,22.4747334,73.4235809,7.54289117,-0.371881495
-154.7,16.4505879,73.4156783,7.62798826,-0.341990501
-154.4,10.3310094,73.4615378,7.71288237,-0.312302488
-154.1,4.15012571,73.559909,7.79753335,-0.282857596
-153.8,-2.05781684,73.7094299,7.88190322,-0.253693821
-153.5,-8.25861825,73.9086367,7.96595639,-0.224846744
-153.2,-14.4182888,74.1559762,8.04965992,-0.196349313
-152.9,-20.5032107,74.449817,8.13298364,-0.168231681
-152.6,-26.4802974,74.7884615,8.21590033,-0.140521085
-152.3,-32.3171495,75.1701584,8.29838573,-0.113241785
-152,-37.9822058,75.5931139,8.38041856,-0.0864150443
-151.7,-43.4448908,76.0555034,8.46198055,-0.0600591534
-151.4,-48.6757559,76.5554825,8.5430563,-0.0341894931
-151.1,-53.6466148,77.0911969,8.62363326,-0.00881863062
-150.8,-58.3306727,77.6607918,8.70370154,0.016043557
-150.5,-62.7026476,78.262421,8.78325382,0.0403897379
-150.2,-66.7388845,78.8942543,8.86228514,0.0642149629
-149.9,-70.4174613,79.5544846,8.94079276,0.0875164921
-149.6,-73.7182859,80.2413338,9.01877598,0.110293614
-149.3,-76.6231849,80.9530581,9.09623592,0.132547461
-149,-79.1159822,81.6879525,9.17317538,0.154280827
-148.7,-81.1825682,82.4443543,9.24959863,0.175497988
-148.4,-82.8109597,83.2206461,9.32551127,0.196204527
-148.1,-83.9913484,84.0152581,9.40092,0.216407165
-147.8,-84.7161404,84.8266697,9.47583254,0.23611361
-147.5,-84.9799846,85.6534109,9.55025743,0.255332405
-147.2,-84.7797903,86.4940626,9.62420391,0.274072792
-146.9,-84.1147352,87.3472572,9.6976818,0.292344588
-146.6,-82.9862617,88.2116783,9.77070137,0.310158069
-146.3,-81.3980638,89.0860606,9.84327326,0.327523866
-146,-79.3560631,89.9691886,9.91540837,0.344452874
-145.7,-76.8683745,90.8598966,9.98711775,0.360956166
-145.4,-73.9452625,91.7570667,10.0584126,0.377044921
-145.1,-70.5990873,92.6596286,10.1293041,0.392730358
-144.8,-66.8442412,93.5665572,10.1998035,0.40802368
-144.5,-62.6970771,94.4768723,10.269922,0.422936024
-144.2,-58.1758266,95.3896361,10.3396705,0.437478421
-143.9,-53.3005113,96.3039527,10.4090599,0.451661756
-143.6,-48.092845,97.2189656,10.478101,0.465496742
-143.3,-42.5761297,98.133857,10.5468042,0.478993894
-143,-36.7751436,99.0478457,10.6151799,0.492163504
-142.7,-30.7160233,99.9601862,10.6832382,0.505015631
-142.4,-24.4261405,100.870166,10.7509887,0.517560083
-142.1,-17.9339728,101.777107,10.8184411,0.52980641
-141.8,-11.2689707,102.680359,10.8856047,0.541763895
-141.5,-4.46141974,103.579304,10.9524885,0.55344155
-141.2,2.45769966,104.473351,11.0191011,0.564848113
-140.9,9.45685582,105.361937,11.0854511,0.575992048
-140.6,16.504111,106.244524,11.1515467,0.586881546
-140.3,23.5672681,107.120598,11.2173958,0.597524522
-140,30.614018,107.989671,11.283006,0.607928625
-139.7,37.6120866,108.851274,11.3483847,0.618101237
-139.4,44.5293818,109.704963,11.413539,0.62804948
-139.1,51.3341386,110.55031,11.4784759,0.637780218
-138.8,57.9950623,111.38691,11.5432018,0.647300067
-138.5,64.4814694,112.214376,11.6077232,0.656615398
-138.2,70.7634246,113.032337,11.6720463,0.665732343
-137.9,76.8118748,113.840441,11.7361768,0.674656805
-137.6,82.598778,114.63835,11.8001206,0.68339446
-137.3,88.0972274,115.425744,11.863883,0.691950766
-137,93.2815699,116.202314,11.9274693,0.70033097
-136.7,98.1275187,116.967768,11.9908845,0.708540115
-136.4,102.612259,117.721827,12.0541336,0.716583044
-136.1,106.714548,118.464224,12.117221,0.72446441
-135.8,110.414805,119.194705,12.1801514,0.732188679
-135.5,113.695196,119.913027,12.2429289,0.739760141
-135.2,116.539709,120.618958,12.3055578,0.74718291
-134.9,118.934223,121.312278,12.3680419,0.754460936
-134.6,120.866565,121.992777,12.4303851,0.761598006
-134.3,122.326558,122.660253,12.4925909,0.768597753
-134,123.306066,123.314517,12.5546629,0.775463661
-133.7,123.799022,123.955386,12.6166044,0.782199068
-133.4,123.801451,124.582686,12.6784186,0.788807174
-133.1,123.311485,125.196254,12.7401086,0.795291043
-132.8,122.329361,125.795932,12.8016773,0.801653611
-132.5,120.857419,126.381572,12.8631274,0.807897689
-132.2,118.900089,126.953031,12.9244618,0.814025966
-131.9,116.463859,127.510177,12.9856829,0.820041016
-131.6,113.55725,128.052881,13.0467933,0.8259453
-131.3,110.190766,128.581023,13.1077953,0.83174117
-131,106.376849,129.094489,13.1686911,0.837430874
-130.7,102.129817,129.593171,13.2294829,0.843016559
-130.4,97.4657983,130.076967,13.2901727,0.848500272
-130.1,92.4026542,130.545782,13.3507625,0.853883968
-129.8,86.9598992,130.999525,13.4112541,0.859169508
-129.5,81.1586111,131.438111,13.4716493,0.864358668
-129.2,75.0213353,131.861461,13.5319499,0.869453133
-128.9,68.5719838,132.2695,13.5921574,0.874454508
-128.6,61.8357278,132.66216,13.6522733,0.879364318
-128.3,54.8388858,133.039376,13.7122991,0.884184006
-128,47.6088074,133.401089,13.7722361,0.888914944
-127.7,40.1737527,133.747243,13.8320857,0.893558425
-127.4,32.5627685,134.077789,13.891849,0.898115674
-127.1,24.805562,134.39268,13.9515273,0.902587843
-126.8,16.932372,134.691874,14.0111215,0.90697602
-126.5,8.97383806,134.975334,14.0706328,0.911281221
-126.2,0.960869842,135.243027,14.1300621,0.915504403
-125.9,-7.0754853,135.494923,14.1894103,0.919646455
-125.6,-15.1041738,135.730997,14.2486781,0.923708207
-125.3,-23.0942671,135.951227,14.3078664,0.927690427
-125,-31.0150909,136.155596,14.3669759,0.931593825
-124.7,-38.8363534,136.34409,14.4260072,0.935419052
-124.4,-46.5282703,136.516698,14.484961,0.939166701
-124.1,-54.0616876,136.673414,14.5438377,0.942837311
-123.8,-61.4081999,136.814235,14.6026378,0.946431365
-123.5,-68.5402656,136.939161,14.6613619,0.949949291
-123.2,-75.4313175,137.048196,14.7200101,0.953391463
-122.9,-82.0558674,137.141347,14.778583,0.956758205
-122.6,-88.3896071,137.218626,14.8370806,0.960049785
-122.3,-94.4095016,137.280046,14.8955034,0.963266422
-122,-100.093878,137.325626,14.9538513,0.966408281
-121.7,-105.422506,137.355385,15.0121246,0.96947548
-121.4,-110.376674,137.369349,15.0703233,0.972468083
-121.1,-114.939254,137.367544,15.1284474,0.975386105
-120.8,-119.094765,137.350002,15.1864969,0.97822951
-120.5,-122.829423,137.316757,15.2444717,0.980998214
-120.2,-126.131187,137.267845,15.3023717,0.983692081
-119.9,-128.989795,137.203309,15.3601966,0.986310928
-119.6,-131.396793,137.123191,15.4179463,0.988854518
-119.3,-133.345556,137.027539,15.4756204,0.991322566
-119,-134.831301,136.916403,15.5332187,0.993714739
-118.7,-135.851091,136.789838,15.5907407,0.99603065
-118.4,-136.403831,136.647901,15.648186,0.998269863
-118.1,-136.490256,136.490652,15.7055541,1.00043189
-117.8,-136.112914,136.318155,15.7628445,1.00251619
-117.5,-135.276138,136.130478,15.8200566,1.00452218
-117.2,-133.986009,135.927691,15.8771897,1.00644921
-116.9,-132.250318,135.709868,15.9342432,1.00829658
-116.6,-130.078512,135.477089,15.9912163,1.01006354
-116.3,-127.481645,135.229433,16.0481081,1.01174929
-116,-124.472311,134.966987,16.1049179,1.01335297
-115.7,-121.064577,134.689838,16.1616447,1.01487366
-115.4,-117.273908,134.398081,16.2182875,1.01631038
-115.1,-113.117093,134.09181,16.2748453,1.0176621
-114.8,-108.612152,133.771126,16.331317,1.01892774
-114.5,-103.778255,133.436134,16.3877015,1.02010613
-114.2,-98.6356275,133.086941,16.4439975,1.02119606
-113.9,-93.2054502,132.72366,16.5002038,1.02219625
-113.6,-87.5097646,132.346408,16.556319,1.02310537
-113.3,-81.5713683,131.955306,16.6123418,1.02392201
-113,-75.4137119,131.550479,16.6682705,1.02464468
-112.7,-69.0607926,131.132058,16.7241038,1.02527186
-112.4,-62.5370477,130.700176,16.77984,1.02580191
-112.1,-55.8672468,130.254974,16.8354773,1.02623316
-111.8,-49.0763846,129.796595,16.8910141,1.02656385
-111.5,-42.1895734,129.32519,16.9464485,1.02679214
-111.2,-35.2319366,128.840912,17.0017785,1.02691611
-110.9,-28.2285044,128.343923,17.0570023,1.02693378
-110.6,-21.2041098,127.834388,17.1121177,1.02684307
-110.3,-14.1832884,127.312478,17.1671225,1.02664181
-110,-7.19018027,126.77837,17.2220146,1.02632778
-109.7,-0.248434699,126.232248,17.2767915,1.02589862
-109.4,6.61888076,125.674303,17.3314509,1.02535192
-109.1,13.3893678,125.104729,17.3859902,1.02468516
-108.8,20.0413802,124.523731,17.4404069,1.02389573
-108.5,26.5541025,123.931518,17.4946982,1.02298092
-108.2,32.9076228,123.328308,17.5488613,1.02193791
-107.9,39.0830014,122.714325,17.6028933,1.0207638
-107.6,45.0623327,122.089803,17.6567911,1.01945556
-107.3,50.8288027,121.454982,17.7105517,1.01801007
-107,56.3667388,120.810111,17.7641718,1.01642409
-106.7,61.6616554,120.155449,17.8176481,1.01469427
-106.4,66.7002917,119.491263,17.8709771,1.01281714
-106.1,71.4706438,118.817828,17.9241551,1.01078912
-105.8,75.9619903,118.135432,17.9771786,1.00860649
-105.5,80.1649115,117.44437,18.0300437,1.00626543
-105.2,84.0713017,116.74495,18.0827463,1.00376199
-104.9,87.6743755,116.03749,18.1352825,1.00109208
-104.6,90.9686675,115.322319,18.187648,0.998251483
-104.3,93.9500258,114.599778,18.2398385,0.99523586
-104,96.6155989,113.870222,18.2918494,0.992040733
-103.7,98.9638172,113.134016,18.3436763,0.988661488
-103.4,100.994368,112.391541,18.3953143,0.985093378
-103.1,102.708166,111.643191,18.4467585,0.98133152
-102.8,104.107315,110.889374,18.498004,0.977370893
-102.5,105.195072,110.130513,18.5490455,0.973206341
-102.2,105.975795,109.367047,18.5998778,0.968832573
-101.9,106.454899,108.599432,18.6504955,0.964244167
-101.6,106.638796,107.82814,18.700893,0.959435565
-101.3,106.53484,107.053659,18.7510646,0.954401085
-101,106.151264,106.276499,18.8010046,0.94913492
-100.7,105.497115,105.497185,18.8507069,0.943631145
-100.4,104.582185,104.716263,18.9001655,0.93788372
-100.1,103.416943,103.9343,18.9493744,0.931886503
-99.8,102.012461,103.151883,18.9983273,0.925633255
-99.5,100.38034,102.36962,19.0470178,0.919117653
-99.2,98.5326373,101.588142,19.0954395,0.912333299
-98.9,96.4817892,100.808102,19.143586,0.905273739
-98.6,94.2405359,100.030179,19.1914509,0.897932476
-98.3,91.8218459,99.255074,19.2390275,0.890302988
-98,89.2388407,98.4835132,19.2863093,0.882378753
-97.7,86.5047215,97.7162489,19.3332899,0.874153269
-97.4,83.6326959,96.9540589,19.3799628,0.865620083
-97.1,80.6359073,96.197748,19.4263217,0.856772817
-96.8,77.5273664,95.4481475,19.4723602,0.847605205
-96.5,74.319885,94.7061163,19.5180722,0.838111128
-96.2,71.0260127,93.9725408,19.5634518,0.828284651
-95.9,67.6579767,93.2483352,19.6084933,0.818120067
-95.6,64.2276254,92.5344415,19.6531913,0.807611947
-95.3,60.7463758,91.8318293,19.6975406,0.796755186
-95,57.2251641,91.1414957,19.7415366,0.785545061
-94.7,53.6744023,90.4644652,19.7851749,0.773977286
-94.4,50.1039372,89.8017883,19.8284518,0.762048076
-94.1,46.5230159,89.1545416,19.871364,0.749754211
-93.8,42.9402552,88.523826,19.913909,0.737093103
-93.5,39.3636157,87.9107659,19.9560849,0.724062866
-93.2,35.8003823,87.3165077,19.9978905,0.710662393
-92.9,32.2571481,86.7422176,20.0393256,0.696891424
-92.6,28.7398051,86.1890798,20.0803909,0.682750626
-92.3,25.2535388,85.6582938,20.121088,0.668241666
-92,21.8028289,85.151072,20.1614197,0.653367283
-91.7,18.3914543,84.6686362,20.2013899,0.638131362
-91.4,15.0225043,84.2122146,20.2410036,0.622538998
-91.1,11.6983932,83.7830378,20.2802673,0.606596562
-90.8,8.42088127,83.3823349,20.3191886,0.590311756
-90.5,5.19109915,83.0113288,20.3577766,0.573693659
-90.2,2.00957732,82.671232,20.3960418,0.556752768
-89.9,-1.12372036,82.3632416,20.4339961,0.539501021
-89.6,-4.20935915,82.0885338,20.471653,0.521951818
-89.3,-7.24839222,81.8482593,20.5090273,0.504120012
-89,-10.2423159,81.643537,20.5461353,0.486021904
-88.7,-13.1930219,81.4754495,20.5829947,0.467675203
-88.4,-16.1027469,81.345037,20.6196246,0.449098982
-88.1,-18.9740192,81.2532918,20.6560453,0.430313612
-87.8,-21.8096037,81.2011539,20.6922785,0.411340675
-87.5,-24.6124451,81.1895047,20.7283467,0.392202868
-87.2,-27.3856096,81.2191636,20.7642738,0.372923881
-86.9,-30.1322258,81.2908825,20.8000843,0.353528272
-86.6,-32.8554249,81.4053426,20.8358035,0.334041312
-86.3,-35.5582807,81.5631507,20.8714571,0.314488835
-86,-38.2437503,81.7648363,20.9070714,0.294897071
-85.7,-40.9146149,82.0108493,20.9426729,0.275292468
-85.4,-43.573422,82.3015585,20.9782881,0.255701523
-85.1,-46.2224287,82.6372507,21.0139432,0.236150597
-84.8,-48.8635476,83.0181299,21.0496645,0.216665746
-84.5,-51.4982939,83.4443183,21.0854774,0.197272548
-84.2,-54.1277362,83.9158569,21.1214069,0.177995942
-83.9,-56.7524492,84.4327071,21.1574771,0.158860074
-83.6,-59.3724708,84.9947531,21.1937113,0.13988816
-83.3,-61.9872619,85.6018047,21.2301316,0.121102361
-83,-64.5956705,86.2536003,21.266759,0.102523671
-82.7,-67.1959006,86.9498106,21.3036132,0.0841718269
-82.4,-69.7854847,87.6900426,21.3407127,0.0660652338
-82.1,-72.3612616,88.4738442,21.3780745,0.0482209054
-81.8,-74.919359,89.300708,21.4157141,0.0306544252
-81.5,-77.4551813,90.1700766,21.4536457,0.0133799223
-81.2,-79.963403,91.081347,21.4918819,-0.00358993576
-80.9,-82.4379669,92.0338753,21.530434,-0.0202439363
-80.6,-84.8720886,93.0269815,21.5693117,-0.0365723005
-80.3,-87.258266,94.0599541,21.6085235,-0.0525666512
-80,-89.588295,95.1320545,21.6480763,-0.0682199694
-79.7,-91.8532906,96.2425214,21.6879758,-0.0835265429
-79.4,-94.0437135,97.3905749,21.7282265,-0.0984819064
-79.1,-96.1494029,98.5754201,21.7688317,-0.113082777
-78.8,-98.159614,99.7962513,21.8097936,-0.127326984
-78.5,-100.063062,101.052255,21.8511133,-0.141213398
-78.2,-101.847969,102.342612,21.8927909,-0.154741855
-77.9,-103.50212,103.666504,21.9348258,-0.167913081
-77.6,-105.012919,105.023112,21.9772164,-0.180728622
-77.3,-106.367454,106.411618,22.0199603,-0.193190762
-77,-107.552563,107.831213,22.0630547,-0.20530246
-76.7,-108.554904,109.281093,22.106496,-0.217067275
-76.4,-109.361036,110.760463,22.1502801,-0.228489304
-76.1,-109.957488,112.268539,22.1944023,-0.239573113
-75.8,-110.330847,113.804548,22.2388579,-0.250323683
-75.5,-110.467841,115.367728,22.2836413,-0.26074635
-75.2,-110.355423,116.957332,22.328747,-0.270846755
-74.9,-109.980859,118.572626,22.374169,-0.280630791
-74.6,-109.331817,120.21289,22.4199014,-0.290104565
-74.3,-108.396457,121.877421,22.4659377,-0.299274352
-74,-107.16352,123.565529,22.5122716,-0.308146556
-73.7,-105.622418,125.276539,22.5588965,-0.31672768
-73.4,-103.763323,127.009793,22.605806,-0.325024292
-73.1,-101.577253,128.764647,22.6529934,-0.333042996
-72.8,-99.0561602,130.540474,22.7004521,-0.340790411
-72.5,-96.1930126,132.336661,22.7481754,-0.348273144
-72.2,-92.9818759,134.15261,22.7961569,-0.355497775
-71.9,-89.4179908,135.987739,22.8443899,-0.362470834
-71.6,-85.4978467,137.841478,22.8928681,-0.369198791
-71.3,-81.2192518,139.713274,22.9415849,-0.375688038
-71,-76.5813977,141.602586,22.9905342,-0.381944881
-70.7,-71.5849194,143.508889,23.0397096,-0.387975531
-70.4,-66.2319499,145.431668,23.0891052,-0.393786091
-70.1,-60.5261683,147.370424,23.1387148,-0.399382554
-69.8,-54.4728421,149.324668,23.1885326,-0.404770793
-69.5,-48.0788626,151.293925,23.238553,-0.409956562
-69.2,-41.3527731,153.27773,23.2887701,-0.414945486
-68.9,-34.3047904,155.27563,23.3391787,-0.419743065
-68.6,-26.9468177,157.287184,23.3897731,-0.424354667
-68.3,-19.2924507,159.31196,23.4405484,-0.428785528
-68,-11.356975,161.349538,23.4914992,-0.433040753
-67.7,-3.15735552,163.399505,23.5426208,-0.437125315
-67.4,5.28778221,165.461459,23.5939081,-0.441044057
-67.1,13.9581797,167.535008,23.6453566,-0.444801689
-66.8,22.8319811,169.619768,23.6969616,-0.448402794
-66.5,31.8857775,171.715362,23.7487186,-0.451851826
-66.2,41.09466,173.821423,23.8006235,-0.455153115
-65.9,50.4322804,175.937591,23.8526718,-0.458310864
-65.6,59.8709208,178.063513,23.9048596,-0.461329157
-65.3,69.3815713,180.198843,23.9571829,-0.464211959
-65,78.9340155,182.343243,24.0096378,-0.466963116
-64.7,88.4969233,184.49638,24.0622207,-0.469586363
-64.4,98.0379518,186.657928,24.1149278,-0.472085322
-64.1,107.523853,188.827567,24.1677557,-0.474463505
-63.8,116.920588,191.004984,24.220701,-0.476724321
-63.5,126.193449,193.189868,24.2737603,-0.478871072
-63.2,135.307183,195.381917,24.3269305,-0.480906964
-62.9,144.226128,197.580832,24.3802085,-0.482835101
-62.6,152.914346,199.786319,24.4335912,-0.484658495
-62.3,161.335771,201.998089,24.4870757,-0.486380066
-62,169.454345,204.215858,24.5406592,-0.488002641
-61.7,177.234177,206.439344,24.594339,-0.489528965
-61.4,184.639687,208.668272,24.6481124,-0.490961694
-61.1,191.635762,210.902369,24.7019768,-0.492303407
-60.8,198.187915,213.141365,24.7559297,-0.493556601
-60.5,204.262432,215.384997,24.8099687,-0.494723696
-60.2,209.826539,217.633001,24.8640914,-0.49580704
-59.9,214.848546,219.885119,24.9182956,-0.496808907
-59.6,219.298011,222.141095,24.9725791,-0.497731502
-59.3,223.145884,224.400677,25.0269398,-0.498576964
-59,226.364662,226.663615,25.0813755,-0.499347364
-58.7,228.928532,228.929662,25.1358842,-0.500044712
-58.4,230.813512,231.198573,25.1904641,-0.500670957
-58.1,231.997592,233.470107,25.2451131,-0.501227987
-57.8,232.460861,235.744023,25.2998296,-0.501717636
-57.5,232.185633,238.020085,25.3546116,-0.502141679
-57.2,231.15657,240.298056,25.4094576,-0.50250184
-56.9,229.360786,242.577706,25.4643657,-0.50279979
-56.6,226.787956,244.858801,25.5193344,-0.503037152
-56.3,223.430407,247.141114,25.5743622,-0.503215498
-56,219.283206,249.424416,25.6294474,-0.503336355
-55.7,214.344231,251.708483,25.6845887,-0.503401204
-55.4,208.614243,253.993091,25.7397845,-0.503411481
-55.1,202.096935,256.278018,25.7950335,-0.503368583
-54.8,194.798979,258.563043,25.8503343,-0.503273863
-54.5,186.730057,260.847946,25.9056856,-0.503128635
-54.2,177.902881,263.132512,25.9610862,-0.502934175
-53.9,168.333206,265.416523,26.0165347,-0.502691722
-53.6,158.039821,267.699764,26.07203,-0.502402479
-53.3,147.044536,269.982023,26.127571,-0.502067614
-53,135.372155,272.263086,26.1831565,-0.501688263
-52.7,123.050432,274.542743,26.2387853,-0.501265527
-52.4,110.110019,276.820784,26.2944564,-0.500800476
-52.1,96.5844001,279.097,26.3501688,-0.500294151
-51.8,82.509813,281.371184,26.4059215,-0.499747563
-51.5,67.925158,283.643128,26.4617135,-0.499161693
-51.2,52.8718947,285.912627,26.5175438,-0.498537497
-50.9,37.3939273,288.179477,26.5734115,-0.497875902
-50.6,21.5374783,290.443474,26.6293157,-0.497177809
-50.3,5.35095022,292.704414,26.6852555,-0.496444096
-50,-11.1152224,294.962097,26.74123,-0.495675614
-49.7,-27.8087324,297.216322,26.7972386,-0.494873193
-49.4,-44.6755684,299.466887,26.8532802,-0.494037639
-49.1,-61.6601936,301.713594,26.9093542,-0.493169735
-48.8,-78.7057319,303.956245,26.9654598,-0.492270244
-48.5,-95.7541634,306.194641,27.0215962,-0.491339907
-48.2,-112.746526,308.428586,27.0777628,-0.490379446
-47.9,-129.623127,310.657884,27.1339588,-0.489389563
-47.6,-146.323752,312.882339,27.1901835,-0.488370941
-47.3,-162.787893,315.101757,27.2464363,-0.487324244
-47,-178.954966,317.315944,27.3027165,-0.486250119
-46.7,-194.764542,319.524706,27.3590235,-0.485149197
-46.4,-210.156577,321.727851,27.4153567,-0.484022089
-46.1,-225.071643,323.925187,27.4717155,-0.482869392
-45.8,-239.451163,326.116524,27.5280993,-0.481691688
-45.5,-253.237639,328.30167,27.5845075,-0.48048954
-45.2,-266.374889,330.480436,27.6409397,-0.479263501
-44.9,-278.808272,332.652632,27.6973952,-0.478014106
-44.6,-290.484918,334.818071,27.7538735,-0.476741877
-44.3,-301.353946,336.976565,27.8103741,-0.475447323
-44,-311.366688,339.127925,27.8668966,-0.474130939
-43.7,-320.476892,341.271967,27.9234404,-0.472793207
-43.4,-328.640937,343.408503,27.9800051,-0.471434597
-43.1,-335.818023,345.53735,28.0365903,-0.470055568
-42.8,-341.970362,347.658321,28.0931954,-0.468656565
-42.5,-347.06336,349.771235,28.14982,-0.467238022
-42.2,-351.065784,351.875906,28.2064637,-0.465800364
-41.9,-353.949922,353.972153,28.2631262,-0.464344003
-41.6,-355.691727,356.059794,28.319807,-0.462869341
-41.3,-356.270957,358.138647,28.3765056,-0.46137677
-41,-355.671291,360.208533,28.4332218,-0.459866671
-40.7,-353.880439,362.26927,28.4899552,-0.458339418
-40.4,-350.890238,364.320681,28.5467053,-0.456795373
-40.1,-346.696725,366.362585,28.6034719,-0.455234889
-39.8,-341.300207,368.394807,28.6602546,-0.453658311
-39.5,-334.705303,370.417167,28.717053,-0.452065975
-39.2,-326.920982,372.429491,28.7738668,-0.45045821
-38.9,-317.960574,374.431601,28.8306958,-0.448835333
-38.6,-307.841768,376.423324,28.8875396,-0.447197658
-38.3,-296.586602,378.404484,28.9443978,-0.445545486
-38,-284.221421,380.374909,29.0012703,-0.443879114
-37.7,-270.776828,382.334425,29.0581567,-0.442198831
-37.4,-256.287621,384.282861,29.1150567,-0.440504917
-37.1,-240.7927,386.220044,29.1719701,-0.438797647
-36.8,-224.334974,388.145805,29.2288965,-0.437077289
-36.5,-206.96124,390.059973,29.2858358,-0.435344103
-36.2,-188.722051,391.96238,29.3427876,-0.433598343
-35.9,-169.671566,393.852857,29.3997518,-0.431840257
-35.6,-149.86739,395.731237,29.4567281,-0.430070087
-35.3,-129.37039,397.597354,29.5137162,-0.428288069
-35,-108.24451,399.451041,29.5707159,-0.426494431
-34.7,-86.5565565,401.292134,29.6277271,-0.424689399
-34.4,-64.3759893,403.120469,29.6847494,-0.42287319
-34.1,-41.7746841,404.935882,29.7417826,-0.421046016
-33.8,-18.8266939,406.738211,29.7988267,-0.419208087
-33.5,4.39200371,408.527295,29.8558812,-0.417359603
-33.2,27.803768,410.302974,29.9129462,-0.415500763
-32.9,51.3295651,412.065086,29.9700213,-0.413631758
-32.6,74.8892457,413.813475,30.0271063,-0.411752776
-32.3,98.401829,415.547982,30.0842012,-0.409863998
-32,121.785793,417.268451,30.1413057,-0.407965604
-31.7,144.959367,418.974725,30.1984196,-0.406057767
-31.4,167.840832,420.666649,30.2555428,-0.404140655
-31.1,190.348817,422.344071,30.3126752,-0.402214434
-30.8,212.402602,424.006836,30.3698164,-0.400279263
-30.5,233.922418,425.654794,30.4269665,-0.398335299
-30.2,254.829745,427.287793,30.4841252,-0.396382694
-29.9,275.047613,428.905684,30.5412924,-0.394421596
-29.6,294.50089,430.508317,30.5984679,-0.39245215
-29.3,313.116576,432.095546,30.6556517,-0.390474497
-29,330.824082,433.667224,30.7128435,-0.388488773
-28.7,347.555506,435.223205,30.7700432,-0.386495112
-28.4,363.245906,436.763346,30.8272508,-0.384493642
-28.1,377.833553,438.287502,30.884466,-0.382484492
-27.8,391.26018,439.795532,30.9416888,-0.380467782
-27.5,403.471223,441.287295,30.9989191,-0.378443634
-27.2,414.416041,442.762651,31.0561567,-0.376412162
-26.9,424.048133,444.221463,31.1134014,-0.374373481
-26.6,432.325333,445.663591,31.1706533,-0.372327699
-26.3,439.20999,447.088902,31.2279122,-0.370274924
-26,444.669142,448.497259,31.2851779,-0.36821526
-25.7,448.674661,449.888528,31.3424505,-0.366148807
-25.4,451.203389,451.262579,31.3997297,-0.364075664
-25.1,452.237253,452.619279,31.4570156,-0.361995925
-24.8,451.763363,453.958499,31.5143079,-0.359909682
-24.5,449.774093,455.280111,31.5716066,-0.357817026
-24.2,446.267137,456.583986,31.6289117,-0.355718044
-23.9,441.24555,457.87,31.686223,-0.353612819
-23.6,434.717773,459.138029,31.7435405,-0.351501433
-23.3,426.697626,460.387948,31.8008641,-0.349383965
-23,417.204296,461.619636,31.8581936,-0.347260493
-22.7,406.262293,462.832973,31.9155291,-0.34513109
-22.4,393.901389,464.027839,31.9728705,-0.342995828
-22.1,380.156544,465.204118,32.0302176,-0.340854776
-21.8,365.067803,466.361694,32.0875705,-0.338708002
-21.5,348.680177,467.500451,32.144929,-0.336555571
-21.2,331.043506,468.620277,32.2022932,-0.334397545
-20.9,312.212305,469.721059,32.2596628,-0.332233984
-20.6,292.245583,470.802688,32.3170379,-0.330064947
-20.3,271.206661,471.865055,32.3744185,-0.32789049
-20,249.162951,472.908052,32.4318044,-0.325710666
-19.7,226.185741,473.931575,32.4891956,-0.323525529
-19.4,202.349949,474.935519,32.5465921,-0.321335127
-19.1,177.733868,475.91978,32.6039939,-0.319139508
-18.8,152.418899,476.88426,32.6614007,-0.316938719
-18.5,126.48927,477.828857,32.7188128,-0.314732803
-18.2,100.031737,478.753474,32.7762298,-0.312521802
-17.9,73.1352891,479.658016,32.833652,-0.310305757
-17.6,45.8908264,480.542387,32.8910791,-0.308084706
-17.3,18.3908441,481.406494,32.9485112,-0.305858684
-17,-9.27089915,482.250246,33.0059483,-0.303627728
-16.7,-36.9997156,483.073554,33.0633902,-0.301391869
-16.4,-64.7003278,483.876329,33.1208371,-0.299151139
-16.1,-92.2772122,484.658486,33.1782887,-0.296905567
-15.8,-119.634944,485.419939,33.2357452,-0.294655181
-15.5,-146.678543,486.160606,33.2932065,-0.292400006
-15.2,-173.31382,486.880405,33.3506725,-0.290140066
-14.9,-199.447721,487.579258,33.4081433,-0.287875385
-14.6,-224.988666,488.257086,33.4656188,-0.285605983
-14.3,-249.846887,488.913813,33.523099,-0.283331879
-14,-273.93476,489.549366,33.5805839,-0.281053092
-13.7,-297.167125,490.163672,33.6380734,-0.278769636
-13.4,-319.461606,490.75666,33.6955676,-0.276481527
-13.1,-340.738915,491.328262,33.7530665,-0.274188778
-12.8,-360.923148,491.87841,33.8105699,-0.2718914
-12.5,-379.94207,492.407039,33.868078,-0.269589402
-12.2,-397.727383,492.914086,33.9255907,-0.267282793
-11.9,-414.214989,493.39949,33.983108,-0.26497158
-11.6,-429.345226,493.86319,34.04063,-0.262655769
-11.3,-443.063101,494.305129,34.0981565,-0.260335362
-11,-455.318492,494.725251,34.1556875,-0.258010363
-10.7,-466.06635,495.123502,34.2132232,-0.255680772
-10.4,-475.266863,495.49983,34.2707635,-0.253346589
-10.1,-482.885618,495.854183,34.3283084,-0.251007812
-9.8,-488.893733,496.186515,34.3858579,-0.248664437
-9.5,-493.267974,496.496778,34.4434119,-0.246316459
-9.2,-495.990845,496.784928,34.5009706,-0.243963873
-8.9,-497.050667,497.050922,34.5585339,-0.241606671
-8.6,-496.441625,497.29472,34.6161018,-0.239244842
-8.3,-494.163802,497.516282,34.6736744,-0.236878378
-8,-490.223185,497.715573,34.7312516,-0.234507266
-7.7,-484.631652,497.892556,34.7888335,-0.232131493
-7.4,-477.406935,498.047199,34.84642,-0.229751044
-7.1,-468.572567,498.179472,34.9040112,-0.227365903
-6.8,-458.157801,498.289345,34.9616072,-0.224976053
-6.5,-446.19751,498.376791,35.0192078,-0.222581474
-6.2,-432.732066,498.441786,35.0768133,-0.220182148
-5.9,-417.807199,498.484306,35.1344235,-0.217778051
-5.6,-401.473838,498.50433,35.1920384,-0.215369162
-5.3,-383.787924,498.50184,35.2496582,-0.212955456
-5,-364.81022,498.476818,35.3072829,-0.210536908
-4.7,-344.606085,498.42925,35.3649124,-0.208113489
-4.4,-323.245242,498.359123,35.4225468,-0.205685173
-4.1,-300.801531,498.266425,35.4801861,-0.203251928
-3.8,-277.352636,498.151148,35.5378304,-0.200813725
-3.5,-252.979811,498.013285,35.5954797,-0.19837053
-3.2,-227.767579,497.852832,35.6531341,-0.19592231
-2.9,-201.803431,497.669785,35.7107934,-0.193469028
-2.6,-175.177508,497.464145,35.7684579,-0.19101065
-2.3,-147.982271,497.235911,35.8261275,-0.188547135
-2,-120.312167,496.985089,35.8838023,-0.186078446
-1.7,-92.2632842,496.711683,35.9414823,-0.18360454
-1.4,-63.9330065,496.4157,35.9991676,-0.181125376
-1.1,-35.4196545,496.097152,36.0568581,-0.17864091
-0.8,-6.82213053,495.756048,36.114554,-0.176151096
-0.5,21.7604413,495.392403,36.1722553,-0.173655889
-0.2,50.2290758,495.006234,36.2299621,-0.171155239
0.1,78.4852862,494.597556,36.2876743,-0.168649098
0.4,106.431442,494.166392,36.3453921,-0.166137414
0.7,133.971123,493.712762,36.4031155,-0.163620134
1,161.009468,493.236691,36.4608445,-0.161097206
1.3,187.453523,492.738205,36.5185792,-0.158568572
1.6,213.212568,492.217333,36.5763197,-0.156034177
1.9,238.198457,491.674104,36.634066,-0.153493961
2.2,262.325924,491.108551,36.6918182,-0.150947865
2.5,285.512897,490.520709,36.7495763,-0.148395827
2.8,307.680792,489.910614,36.8073405,-0.145837783
3.1,328.75479,489.278305,36.8651107,-0.143273668
3.4,348.664109,488.623822,36.922887,-0.140703417
3.7,367.342252,487.947209,36.9806696,-0.13812696
4,384.727244,487.24851,37.0384584,-0.135544229
4.3,400.76185,486.527773,37.0962536,-0.132955152
4.6,415.393773,485.785045,37.1540552,-0.130359655
4.9,428.57584,485.020379,37.2118632,-0.127757663
5.2,440.26616,484.233828,37.2696779,-0.125149101
5.5,450.428265,483.425446,37.3274992,-0.122533889
5.8,459.031238,482.595291,37.3853272,-0.119911947
6.1,466.049806,481.743423,37.4431621,-0.117283194
6.4,471.464425,480.869902,37.5010038,-0.114647546
6.7,475.261335,479.974793,37.5588526,-0.112004916
7,477.432597,479.05816,37.6167083,-0.109355218
7.3,477.976107,478.120071,37.6745713,-0.106698362
7.6,476.895589,477.160596,37.7324415,-0.104034256
7.9,474.200567,476.179806,37.790319,-0.101362806
8.2,469.906311,475.177774,37.848204,-0.0986839185
8.5,464.033766,474.154578,37.9060965,-0.0959974944
8.8,456.609461,473.110294,37.9639967,-0.0933034346
9.1,447.665394,472.045001,38.0219046,-0.0906016372
9.4,437.238893,470.958782,38.0798203,-0.0878919984
9.7,425.372472,469.851721,38.137744,-0.085174412
10,412.113648,468.723902,38.1956757,-0.0824487698
10.3,397.514758,467.575414,38.2536156,-0.0797149612
10.6,381.632746,466.406346,38.3115638,-0.0769728731
10.9,364.52894,465.216791,38.3695204,-0.0742223903
11.2,346.268808,464.00684,38.4274855,-0.0714633951
11.5,326.921708,462.776592,38.4854592,-0.0686957673
11.8,306.560612,461.526142,38.5434417,-0.0659193842
12.1,285.261828,460.25559,38.601433,-0.0631341207
12.4,263.104704,458.965038,38.6594334,-0.0603398489
12.7,240.171328,457.654589,38.7174429,-0.0575364382
13,216.546207,456.324349,38.7754617,-0.0547237556
13.3,192.315952,454.974424,38.8334899,-0.0519016651
13.6,167.568947,453.604924,38.8915276,-0.0490700277
13.9,142.395014,452.215961,38.949575,-0.046228702
14.2,116.885081,450.807646,39.0076323,-0.0433775432
14.5,91.1308312,449.380096,39.0656995,-0.0405164036
14.8,65.2243706,447.933425,39.1237769,-0.0376451326
15.1,39.2578793,446.467755,39.1818645,-0.0347635763
15.4,13.3232721,444.983204,39.2399626,-0.0318715775
15.7,-12.4881412,443.479895,39.2980713,-0.028968976
16,-38.0859907,441.957953,39.3561908,-0.0260556078
16.3,-63.3811771,440.417503,39.4143212,-0.0231313059
16.6,-88.2861964,438.858673,39.4724627,-0.0201958995
16.9,-112.715456,437.281594,39.5306155,-0.0172492143
17.2,-136.585583,435.686396,39.5887797,-0.0142910721
17.5,-159.815723,434.073213,39.6469556,-0.0113212914
17.8,-182.327828,432.44218,39.7051433,-0.0083396862
18.1,-204.046929,430.793434,39.763343,-0.00534606703
18.4,-224.901402,429.127114,39.8215549,-0.00234024013
18.7,-244.823216,427.443359,39.8797792,0.000677992389
19,-263.748165,425.742313,39.9380162,0.00370883267
19.3,-281.616087,424.024119,39.9962659,0.00675248725
19.6,-298.371065,422.288923,40.0545287,0.00980916713
19.9,-313.961611,420.536873,40.1128047,0.0128790879
20.2,-328.340835,418.768116,40.1710942,0.01596247
20.5,-341.466591,416.982805,40.2293973,0.0190595385
20.8,-353.301606,415.181092,40.2877144,0.0221705235
21.1,-363.81359,413.363131,40.3460457,0.0252956604
21.4,-372.975329,411.529077,40.4043913,0.0284351896
21.7,-380.76475,409.679089,40.4627515,0.0315893569
22,-387.164979,407.813326,40.5211267,0.0347584137
22.3,-392.164365,405.931948,40.579517,0.0379426171
22.6,-395.75649,404.035117,40.6379227,0.0411422298
22.9,-397.940163,402.122999,40.6963441,0.0443575207
23.2,-398.71939,400.195759,40.7547814,0.0475887648
23.5,-398.103316,398.253563,40.813235,0.0508362434
23.8,-396.106168,396.296581,40.8717051,0.0541002443
24.1,-392.747157,394.324984,40.930192,0.0573810618
24.4,-388.050374,392.338943,40.988696,0.0606789974
24.7,-382.044665,390.338631,41.0472175,0.0639943593
25,-374.76349,388.324226,41.1057567,0.0673274633
25.3,-366.244759,386.295902,41.1643139,0.0706786324
25.6,-356.53066,384.253838,41.2228896,0.0740481974
25.9,-345.667467,382.198214,41.281484,0.077436497
26.2,-333.705332,380.129212,41.3400975,0.0808438781
26.5,-320.698067,378.047013,41.3987304,0.0842706959
26.8,-306.702914,375.951803,41.4573831,0.0877173143
27.1,-291.780297,373.843767,41.516056,0.091184106
27.4,-275.993569,371.723093,41.5747494,0.0946714529
27.7,-259.408749,369.589969,41.6334638,0.0981797464
28,-242.094247,367.444585,41.6921996,0.101709388
28.3,-224.120584,365.287133,41.750957,0.105260788
28.6,-205.560109,363.117807,41.8097367,0.108834368
28.9,-186.4867,360.9368,41.868539,0.112430561
29.2,-166.975475,358.74431,41.9273643,0.116049809
29.5,-147.102491,356.540533,41.9862132,0.119692567
29.8,-126.944444,354.325668,42.045086,0.123359301
30.1,-106.57837,352.099916,42.1039833,0.12705049
30.4,-86.0813434,349.863478,42.1629055,0.130766623
30.7,-65.5301816,347.616557,42.2218532,0.134508205
31,-45.0011506,345.359359,42.2808269,0.138275751
31.3,-24.5696748,343.092089,42.339827,0.142069794
31.6,-4.31005327,340.814955,42.3988542,0.145890877
31.9,15.7048185,338.528165,42.4579089,0.149739559
32.2,35.4037179,336.231929,42.5169919,0.153616415
32.5,54.7173571,333.92646,42.5761036,0.157522034
32.8,73.5786344,331.61197,42.6352447,0.161457024
33.1,91.9228753,329.288674,42.6944158,0.165422006
33.4,109.688062,326.956787,42.7536175,0.16941762
33.7,126.815051,324.616528,42.8128505,0.173444525
34,143.247776,322.268113,42.8721154,0.177503396
34.3,158.933439,319.911765,42.9314131,0.181594929
34.6,173.822688,317.547704,42.9907441,0.185719839
34.9,187.869774,315.176153,43.0501092,0.189878861
35.2,201.032695,312.797337,43.1095092,0.194072751
35.5,213.273332,310.411482,43.1689448,0.198302289
35.8,224.557553,308.018815,43.2284169,0.202568274
36.1,234.855313,305.619564,43.2879262,0.206871532
36.4,244.140731,303.213961,43.3474737,0.211212912
36.7,252.39215,300.802237,43.4070602,0.215593287
37,259.592183,298.384626,43.4666865,0.220013557
37.3,265.727734,295.961361,43.5263537,0.22447465
37.6,270.790014,293.532681,43.5860627,0.228977521
37.9,274.774524,291.098823,43.6458144,0.233523153
38.2,277.681035,288.660026,43.7056099,0.23811256
38.5,279.51354,286.216532,43.7654503,0.242746789
38.8,280.280201,283.768584,43.8253365,0.247426918
39.1,279.993263,281.316427,43.8852697,0.252154057
39.4,278.668973,278.860307,43.9452511,0.256929353
39.7,276.327464,276.400472,44.0052818,0.261753988
40,272.992638,273.937172,44.0653631,0.266629183
40.3,268.692027,271.470659,44.1254962,0.271556197
40.6,263.456644,269.001187,44.1856825,0.276536329
40.9,257.320822,266.529011,44.2459231,0.281570922
41.2,250.322036,264.05439,44.3062197,0.28666136
41.5,242.500721,261.577581,44.3665735,0.291809074
41.8,233.900071,259.098848,44.426986,0.297015543
42.1,224.565838,256.618455,44.4874589,0.302282294
42.4,214.546115,254.136666,44.5479936,0.307610905
42.7,203.891116,251.653752,44.6085918,0.313003006
43,192.652943,249.169982,44.6692552,0.318460284
43.3,180.88536,246.685629,44.7299855,0.323984482
43.6,168.643544,244.200971,44.7907845,0.329577404
43.9,155.983853,241.716283,44.8516541,0.335240915
44.2,142.963574,239.231849,44.9125962,0.340976943
44.5,129.640678,236.747952,44.9736128,0.346787486
44.8,116.073577,234.264878,45.0347061,0.352674611
45.1,102.320874,231.782917,45.095878,0.358640455
45.4,88.4411179,229.302362,45.1571309,0.364687235
45.7,74.4925647,226.82351,45.218467,0.370817243
46,60.5329369,224.346659,45.2798887,0.377032855
46.3,46.6191905,221.872114,45.3413984,0.383336531
46.6,32.807286,219.400181,45.4029988,0.389730821
46.9,19.151967,216.931171,45.4646925,0.396218366
47.2,5.70654569,214.465398,45.5264821,0.402801905
47.5,-7.4773041,212.003182,45.5883706,0.409484276
47.8,-20.349744,209.544845,45.6503608,0.416268421
48.1,-32.862959,207.090716,45.7124559,0.423157392
48.4,-44.9713349,204.641128,45.7746589,0.430154351
48.7,-56.6316248,202.196418,45.8369732,0.437262582
49,-67.8031032,199.75693,45.8994022,0.444485487
49.3,-78.4477088,197.323011,45.9619495,0.451826598
49.6,-88.5301742,194.895017,46.0246185,0.45928958
49.9,-98.0181421,192.473308,46.0874133,0.466878233
50.2,-106.882268,190.05825,46.1503376,0.474596503
50.5,-115.09631,187.650218,46.2133957,0.482448484
50.8,-122.637203,185.249591,46.2765918,0.490438424
